{
  "src/main.ts": 1775887059.0,
  "src/app/app.routes.ts": 1775887067.0,
  "src/app/app.component.ts": 1775887070.0,
  "src/app/app.config.ts": 1775887063.0,
  "src/app/core/models/portfolio.models.ts": 1775899547.5951056,
  "src/app/core/services/theme.service.ts": 1775903419.9637387,
  "src/app/core/services/portfolio-data.service.ts": 1775902526.1067863,
  "src/app/layout/footer/footer.component.ts": 1775887109.0,
  "src/app/layout/shell/shell.component.ts": 1775902604.9246452,
  "src/app/layout/header/header.component.ts": 1775903449.5014894,
  "src/app/features/home/home.component.ts": 1775903398.339817,
  "src/app/features/projects/projects.component.ts": 1775899347.1987643,
  "src/app/features/resume/resume.component.ts": 1775903484.6770725,
  "src/app/features/projects-preview/projects-preview.component.ts": 1775887331.0,
  "src/app/features/skills/skills.component.ts": 1775887303.0,
  "src/app/features/hero/hero.component.ts": 1775899289.453316,
  "src/app/shared/directives/reveal.directive.ts": 1775887193.0,
  "src/environments/environment.prod.ts": 1775887023.0,
  "src/environments/environment.ts": 1775887020.0,
  "README.md": 1775887431.0,
  "AGENTS.md": 1776578352.7620053,
  "graphify-out/graph.html": 1776579737.4524167,
  "graphify-out/GRAPH_REPORT.md": 1776579729.276681,
  "src/index.html": 1775887056.0,
  "src/assets/resume/resume.pdf": 1775902565.0007756,
  "src/assets/images/project-placeholder.svg": 1775902547.0635948
}